state_name,active,death,extract_date
Andhra Pradesh,22260,586,2020-07-19
Andhra Pradesh,26118,642,2020-07-20
Andhra Pradesh,28800,696,2020-07-21
Andhra Pradesh,32336,758,2020-07-22
Andhra Pradesh,31763,823,2020-07-23 10:49:43
Andhra Pradesh,34272,884,2020-07-24 15:21:33
Andhra Pradesh,39990,933,2020-07-25 20:49:42
Andhra Pradesh,44431,985,2020-07-26 11:38
Andhra Pradesh,48956,1041,2020-07-27 10:20:57
Andhra Pradesh,51701,1090,2020-07-29 21:00:27
Andhra Pradesh,56527,1148,2020-07-30 18:00:13
Andhra Pradesh,63771,1213,2020-07-31 18:00:13
Andhra Pradesh,69252,1281,2020-08-01 18:00:13
Andhra Pradesh,75720,1349,2020-08-02 18:00:12
Andhra Pradesh,72188,1407,2020-08-03 18:00:13
Andhra Pradesh,74404,1474,2020-08-04 18:00:12
Andhra Pradesh,76377,1537,2020-08-05 18:00:13
Andhra Pradesh,79104,1604,2020-08-06 18:00:12
Andhra Pradesh,80426,1681,2020-08-07 18:00:12
Andhra Pradesh,82166,1753,2020-08-08 20:00:24
Andhra Pradesh,84654,1842,2020-08-09 20:00:13
Andhra Pradesh,85486,1939,2020-08-10 20:00:25
Andhra Pradesh,87112,2036,2020-08-11 20:00:31
Andhra Pradesh,87773,2116,2020-08-12 20:00:44
Andhra Pradesh,87597,2203,2020-08-13 20:00:14
Andhra Pradesh,90425,2296,2020-08-14 20:00:29
Andhra Pradesh,90780,2378,2020-08-15 20:00:16
Andhra Pradesh,89907,2475,2020-08-16 20:00:14
Andhra Pradesh,88138,2562,2020-08-17 20:00:14
Andhra Pradesh,85945,2650,2020-08-18 20:00:15
Andhra Pradesh,84777,2732,2020-08-19 20:00:17
Andhra Pradesh,85130,2820,2020-08-20 20:00:15
Andhra Pradesh,86725,2906,2020-08-21 20:00:16
Andhra Pradesh,87177,3001,2020-08-22 20:00:33
Andhra Pradesh,87803,3092,2020-08-23 20:00:14
Andhra Pradesh,89389,3189,2020-08-24 20:00:13
Andhra Pradesh,89742,3282,2020-08-25 20:00:14
Andhra Pradesh,89516,3368,2020-08-26 20:00:13
Andhra Pradesh,89932,3460,2020-08-27 20:00:47
Andhra Pradesh,92208,3541,2020-08-28 20:00:36
Andhra Pradesh,94209,3633,2020-08-29 20:00:18
Andhra Pradesh,96191,3714,2020-08-30 20:00:18
Andhra Pradesh,97681,3796,2020-08-31 20:00:14
Andhra Pradesh,99129,3884,2020-09-01 20:00:13
Andhra Pradesh,100276,3969,2020-09-02 20:00:13
Andhra Pradesh,101210,4053,2020-09-03 20:00:13
Andhra Pradesh,103076,4125,2020-09-04 20:00:13
Andhra Pradesh,103521,4200,2020-09-05 16:00:13
Andhra Pradesh,102067,4276,2020-09-06 20:00:14
Andhra Pradesh,100880,4347,2020-09-07 20:00:13
Andhra Pradesh,99689,4417,2020-09-08 20:00:13
Andhra Pradesh,97932,4487,2020-09-09 20:00:17
Andhra Pradesh,96769,4560,2020-09-10 20:00:14
Andhra Pradesh,97271,4634,2020-09-11 20:00:34
Andhra Pradesh,97338,4702,2020-09-12 20:00:55
Andhra Pradesh,96191,4779,2020-09-13 20:00:16
Andhra Pradesh,95733,4846,2020-09-14 20:00:15
Andhra Pradesh,95072,4912,2020-09-15 20:00:18
Andhra Pradesh,93204,4972,2020-09-16 16:00:15
Andhra Pradesh,92353,5041,2020-09-17 20:00:32
Andhra Pradesh,90279,5105,2020-09-18 20:00:13
Andhra Pradesh,88197,5177,2020-09-19 20:00:14
Andhra Pradesh,84423,5244,2020-09-20 20:00:32
Andhra Pradesh,81763,5302,2020-09-21 20:00:13
Andhra Pradesh,78836,5359,2020-09-22 20:00:17
Andhra Pradesh,74518,5410,2020-09-23 20:00:35
Andhra Pradesh,71465,5461,2020-09-24 20:00:13
Andhra Pradesh,70357,5506,2020-09-25 20:00:13
Andhra Pradesh,69353,5558,2020-09-26 20:00:34
Andhra Pradesh,67683,5606,2020-09-27 20:00:34
Andhra Pradesh,65794,5663,2020-09-28 20:00:13
Andhra Pradesh,64876,5708,2020-09-29 20:00:13
Andhra Pradesh,63116,5745,2020-09-30 20:00:18
Andhra Pradesh,59435,5780,2020-10-01 20:00:13
Andhra Pradesh,58445,5828,2020-10-02 20:00:13
Andhra Pradesh,57858,5869,2020-10-03 20:00:13
Andhra Pradesh,56897,5900,2020-10-04 20:00:19
Andhra Pradesh,55282,5941,2020-10-05 20:00:54
Andhra Pradesh,54400,5981,2020-10-06 20:00:49
Andhra Pradesh,51060,6019,2020-10-07 20:00:13
Andhra Pradesh,50776,6052,2020-10-08 20:00:57
Andhra Pradesh,49513,6086,2020-10-09 20:00:49
Andhra Pradesh,48661,6128,2020-10-10 20:00:13
Andhra Pradesh,47665,6159,2020-10-11 20:00:18
Andhra Pradesh,46624,6194,2020-10-12 20:00:42
Andhra Pradesh,46295,6224,2020-10-13 20:00:19
Andhra Pradesh,43983,6256,2020-10-14 12:00:13
Andhra Pradesh,42855,6291,2020-10-15 20:00:21
Andhra Pradesh,41669,6319,2020-10-16 20:00:17
Andhra Pradesh,40047,6357,2020-10-17 20:00:14
Andhra Pradesh,38979,6382,2020-10-18 16:00:18
Andhra Pradesh,37102,6406,2020-10-19 20:00:22
Andhra Pradesh,36474,6429,2020-10-20 20:00:19
Andhra Pradesh,35065,6453,2020-10-21 20:00:18
Andhra Pradesh,33396,6481,2020-10-22 20:00:13
Andhra Pradesh,32376,6508,2020-10-23 20:00:34
Andhra Pradesh,32257,6524,2020-10-24 20:00:13
Andhra Pradesh,31721,6544,2020-10-25 20:00:13
Andhra Pradesh,31469,6566,2020-10-26 20:00:13
Andhra Pradesh,30860,6587,2020-10-27 20:00:13
Andhra Pradesh,28770,6606,2020-10-28 20:00:18
Andhra Pradesh,27300,6625,2020-10-29 20:00:17
Andhra Pradesh,26622,6643,2020-10-30 20:00:18
Andhra Pradesh,26268,6659,2020-10-31 20:00:13
Andhra Pradesh,25514,6676,2020-11-01 20:00:17
Andhra Pradesh,24575,6690,2020-11-02 20:00:18
Andhra Pradesh,23668,6706,2020-11-03 20:00:17
Andhra Pradesh,22538,6719,2020-11-04 20:00:17
Andhra Pradesh,21672,6734,2020-11-05 20:00:12
Andhra Pradesh,21438,6744,2020-11-06 20:00:16
Andhra Pradesh,21878,6757,2020-11-07 20:00:13
Andhra Pradesh,21825,6768,2020-11-08 20:00:17
Andhra Pradesh,21434,6779,2020-11-09 20:00:19
Andhra Pradesh,21403,6791,2020-11-10 20:00:17
Andhra Pradesh,21235,6802,2020-11-11 20:00:13
Andhra Pradesh,20958,6814,2020-11-12 20:00:13
Andhra Pradesh,20915,6828,2020-11-13 20:00:17
Andhra Pradesh,20857,6837,2020-11-14 20:00:13
Andhra Pradesh,20262,6847,2020-11-15 20:00:17
Delhi,16711,3597,2020-07-19
Delhi,16031,3628,2020-07-20
Delhi,15166,3663,2020-07-21
Delhi,15288,3690,2020-07-22
Delhi,14954,3719,2020-07-23 10:49:43
Delhi,14554,3745,2020-07-24 15:21:33
Delhi,13681,3777,2020-07-25 20:49:42
Delhi,12657,3806,2020-07-26 11:38
Delhi,11904,3827,2020-07-27 10:20:57
Delhi,10994,3853,2020-07-29 21:00:27
Delhi,10887,3881,2020-07-30 18:00:13
Delhi,10770,3907,2020-07-31 18:00:13
Delhi,10743,3936,2020-08-01 18:00:13
Delhi,10705,3963,2020-08-02 18:00:12
Delhi,10596,3989,2020-08-03 18:00:13
Delhi,10356,4004,2020-08-04 18:00:12
Delhi,10207,4021,2020-08-05 18:00:13
Delhi,9897,4033,2020-08-06 18:00:12
Delhi,10072,4044,2020-08-07 18:00:12
Delhi,10348,4059,2020-08-08 20:00:24
Delhi,10409,4082,2020-08-09 20:00:13
Delhi,10667,4098,2020-08-10 20:00:25
Delhi,10729,4111,2020-08-11 20:00:31
Delhi,10346,4131,2020-08-12 20:00:44
Delhi,10868,4139,2020-08-13 20:00:14
Delhi,10946,4153,2020-08-14 20:00:29
Delhi,10975,4167,2020-08-15 20:00:16
Delhi,11366,4178,2020-08-16 20:00:14
Delhi,11489,4188,2020-08-17 20:00:14
Delhi,10823,4196,2020-08-18 20:00:15
Delhi,10852,4214,2020-08-19 20:00:17
Delhi,11068,4226,2020-08-20 20:00:15
Delhi,11137,4235,2020-08-21 20:00:16
Delhi,11271,4257,2020-08-22 20:00:33
Delhi,11426,4270,2020-08-23 20:00:14
Delhi,11594,4284,2020-08-24 20:00:13
Delhi,11778,4300,2020-08-25 20:00:14
Delhi,11626,4313,2020-08-26 20:00:13
Delhi,11998,4330,2020-08-27 20:00:47
Delhi,12520,4347,2020-08-28 20:00:36
Delhi,13208,4369,2020-08-29 20:00:18
Delhi,13550,4389,2020-08-30 20:00:18
Delhi,14040,4404,2020-08-31 20:00:14
Delhi,14793,4426,2020-09-01 20:00:13
Delhi,14626,4444,2020-09-02 20:00:13
Delhi,15870,4462,2020-09-03 20:00:13
Delhi,16502,4481,2020-09-04 20:00:13
Delhi,17692,4500,2020-09-05 16:00:13
Delhi,18842,4513,2020-09-06 20:00:14
Delhi,19870,4538,2020-09-07 20:00:13
Delhi,20909,4567,2020-09-08 20:00:13
Delhi,20543,4599,2020-09-09 20:00:17
Delhi,22377,4618,2020-09-10 20:00:14
Delhi,23773,4638,2020-09-11 20:00:34
Delhi,25416,4666,2020-09-12 20:00:55
Delhi,26907,4687,2020-09-13 20:00:16
Delhi,28059,4715,2020-09-14 20:00:15
Delhi,28812,4744,2020-09-15 20:00:18
Delhi,28641,4770,2020-09-16 16:00:15
Delhi,29787,4806,2020-09-17 20:00:32
Delhi,30914,4839,2020-09-18 20:00:13
Delhi,31721,4877,2020-09-19 20:00:14
Delhi,32250,4907,2020-09-20 20:00:32
Delhi,32064,4945,2020-09-21 20:00:13
Delhi,32097,4982,2020-09-22 20:00:17
Delhi,30941,5014,2020-09-23 20:00:35
Delhi,31623,5051,2020-09-24 20:00:13
Delhi,30836,5087,2020-09-25 20:00:13
Delhi,31125,5123,2020-09-26 20:00:34
Delhi,30867,5147,2020-09-27 20:00:34
Delhi,29717,5193,2020-09-28 20:00:13
Delhi,29228,5235,2020-09-29 20:00:13
Delhi,27123,5272,2020-09-30 20:00:18
Delhi,27524,5320,2020-10-01 20:00:13
Delhi,26908,5361,2020-10-02 20:00:13
Delhi,26738,5401,2020-10-03 20:00:13
Delhi,26450,5438,2020-10-04 20:00:19
Delhi,25234,5472,2020-10-05 20:00:54
Delhi,24753,5510,2020-10-06 20:00:49
Delhi,23080,5542,2020-10-07 20:00:13
Delhi,22720,5581,2020-10-08 20:00:57
Delhi,22186,5616,2020-10-09 20:00:49
Delhi,22232,5653,2020-10-10 20:00:13
Delhi,21955,5692,2020-10-11 20:00:18
Delhi,22007,5740,2020-10-12 20:00:42
Delhi,21701,5769,2020-10-13 20:00:19
Delhi,20535,5809,2020-10-14 12:00:13
Delhi,21490,5854,2020-10-15 20:00:21
Delhi,21903,5898,2020-10-16 20:00:17
Delhi,22605,5924,2020-10-17 20:00:14
Delhi,22814,5946,2020-10-18 16:00:18
Delhi,22884,5981,2020-10-19 20:00:22
Delhi,23292,6009,2020-10-20 20:00:19
Delhi,22570,6040,2020-10-21 20:00:18
Delhi,23922,6081,2020-10-22 20:00:13
Delhi,24117,6128,2020-10-23 20:00:34
Delhi,25237,6163,2020-10-24 20:00:13
Delhi,26001,6189,2020-10-25 20:00:13
Delhi,26467,6225,2020-10-26 20:00:13
Delhi,26744,6258,2020-10-27 20:00:13
Delhi,25786,6312,2020-10-28 20:00:18
Delhi,27873,6356,2020-10-29 20:00:17
Delhi,29378,6396,2020-10-30 20:00:18
Delhi,30952,6423,2020-10-31 20:00:13
Delhi,32363,6470,2020-11-01 20:00:17
Delhi,32719,6511,2020-11-02 20:00:18
Delhi,34173,6562,2020-11-03 20:00:17
Delhi,33308,6604,2020-11-04 20:00:17
Delhi,36375,6652,2020-11-05 20:00:12
Delhi,37369,6703,2020-11-06 20:00:16
Delhi,38729,6769,2020-11-07 20:00:13
Delhi,39722,6833,2020-11-08 20:00:17
Delhi,40258,6912,2020-11-09 20:00:19
Delhi,41857,6989,2020-11-10 20:00:17
Delhi,39795,7060,2020-11-11 20:00:13
Delhi,41385,7143,2020-11-12 20:00:13
Delhi,42629,7228,2020-11-13 20:00:17
Delhi,43116,7332,2020-11-14 20:00:13
Delhi,44329,7423,2020-11-15 20:00:17
Karnataka,36637,1240,2020-07-19
Karnataka,39376,1331,2020-07-20
Karnataka,42222,1403,2020-07-21
Karnataka,44146,1464,2020-07-22
Karnataka,47075,1519,2020-07-23 10:49:43
Karnataka,49937,1616,2020-07-24 15:21:33
Karnataka,52799,1724,2020-07-25 20:49:42
Karnataka,55396,1796,2020-07-26 11:38
Karnataka,58425,1878,2020-07-27 10:20:57
Karnataka,61827,1953,2020-07-29 21:00:27
Karnataka,64442,2055,2020-07-30 18:00:13
Karnataka,67456,2147,2020-07-31 18:00:13
Karnataka,69708,2230,2020-08-01 18:00:13
Karnataka,72013,2314,2020-08-02 18:00:12
Karnataka,73227,2412,2020-08-03 18:00:13
Karnataka,74598,2496,2020-08-04 18:00:12
Karnataka,74477,2594,2020-08-05 18:00:13
Karnataka,73854,2704,2020-08-06 18:00:12
Karnataka,73966,2804,2020-08-07 18:00:12
Karnataka,75076,2897,2020-08-08 20:00:24
Karnataka,77694,2998,2020-08-09 20:00:13
Karnataka,79773,3091,2020-08-10 20:00:25
Karnataka,80981,3198,2020-08-11 20:00:31
Karnataka,79916,3312,2020-08-12 20:00:44
Karnataka,79614,3398,2020-08-13 20:00:14
Karnataka,80351,3510,2020-08-14 20:00:29
Karnataka,78345,3613,2020-08-15 20:00:16
Karnataka,79209,3717,2020-08-16 20:00:14
Karnataka,81284,3831,2020-08-17 20:00:14
Karnataka,81528,3947,2020-08-18 20:00:15
Karnataka,80659,4062,2020-08-19 20:00:17
Karnataka,79798,4201,2020-08-20 20:00:15
Karnataka,81113,4327,2020-08-21 20:00:16
Karnataka,82165,4429,2020-08-22 20:00:33
Karnataka,83082,4522,2020-08-23 20:00:14
Karnataka,82693,4615,2020-08-24 20:00:13
Karnataka,83567,4683,2020-08-25 20:00:14
Karnataka,81230,4810,2020-08-26 20:00:13
Karnataka,82429,4958,2020-08-27 20:00:47
Karnataka,83627,5091,2020-08-28 20:00:36
Karnataka,85006,5232,2020-08-29 20:00:18
Karnataka,86366,5368,2020-08-30 20:00:18
Karnataka,86465,5483,2020-08-31 20:00:14
Karnataka,88110,5589,2020-09-01 20:00:13
Karnataka,87254,5702,2020-09-02 20:00:13
Karnataka,91018,5837,2020-09-03 20:00:13
Karnataka,94478,5950,2020-09-04 20:00:13
Karnataka,96117,6054,2020-09-05 16:00:13
Karnataka,99120,6170,2020-09-06 20:00:14
Karnataka,99636,6298,2020-09-07 20:00:13
Karnataka,99285,6393,2020-09-08 20:00:13
Karnataka,97020,6534,2020-09-09 20:00:17
Karnataka,96937,6680,2020-09-10 20:00:14
Karnataka,99489,6808,2020-09-11 20:00:34
Karnataka,101556,6937,2020-09-12 20:00:55
Karnataka,98345,7067,2020-09-13 20:00:16
Karnataka,97834,7161,2020-09-14 20:00:15
Karnataka,99222,7265,2020-09-15 20:00:18
Karnataka,98482,7384,2020-09-16 16:00:15
Karnataka,98555,7481,2020-09-17 20:00:32
Karnataka,101645,7536,2020-09-18 20:00:13
Karnataka,103650,7629,2020-09-19 20:00:14
Karnataka,101148,7808,2020-09-20 20:00:32
Karnataka,98583,7922,2020-09-21 20:00:13
Karnataka,98062,8023,2020-09-22 20:00:17
Karnataka,95354,8145,2020-09-23 20:00:35
Karnataka,93172,8228,2020-09-24 20:00:13
Karnataka,94671,8266,2020-09-25 20:00:13
Karnataka,95568,8331,2020-09-26 20:00:34
Karnataka,98493,8417,2020-09-27 20:00:34
Karnataka,101801,8503,2020-09-28 20:00:13
Karnataka,104743,8582,2020-09-29 20:00:13
Karnataka,104067,8641,2020-09-30 20:00:18
Karnataka,107756,8777,2020-10-01 20:00:13
Karnataka,107635,8864,2020-10-02 20:00:13
Karnataka,110431,8994,2020-10-03 20:00:13
Karnataka,112005,9119,2020-10-04 20:00:19
Karnataka,112802,9219,2020-10-05 20:00:54
Karnataka,115593,9286,2020-10-06 20:00:49
Karnataka,115496,9370,2020-10-07 20:00:13
Karnataka,115170,9461,2020-10-08 20:00:57
Karnataka,116172,9574,2020-10-09 20:00:49
Karnataka,117162,9675,2020-10-10 20:00:13
Karnataka,118870,9789,2020-10-11 20:00:18
Karnataka,120948,9891,2020-10-12 20:00:42
Karnataka,120289,9966,2020-10-13 20:00:19
Karnataka,115795,10036,2020-10-14 12:00:13
Karnataka,113478,10123,2020-10-15 20:00:21
Karnataka,114006,10198,2020-10-16 20:00:17
Karnataka,113557,10283,2020-10-17 20:00:14
Karnataka,112446,10356,2020-10-18 16:00:18
Karnataka,110666,10427,2020-10-19 20:00:22
Karnataka,109283,10478,2020-10-20 20:00:19
Karnataka,106233,10542,2020-10-21 20:00:18
Karnataka,103964,10608,2020-10-22 20:00:13
Karnataka,100459,10696,2020-10-23 20:00:34
Karnataka,92946,10770,2020-10-24 20:00:13
Karnataka,89502,10821,2020-10-25 20:00:13
Karnataka,86768,10873,2020-10-26 20:00:13
Karnataka,81069,10905,2020-10-27 20:00:13
Karnataka,75442,10947,2020-10-28 20:00:18
Karnataka,71349,10991,2020-10-29 20:00:17
Karnataka,68180,11046,2020-10-30 20:00:18
Karnataka,64499,11091,2020-10-31 20:00:13
Karnataka,59518,11140,2020-11-01 20:00:17
Karnataka,55036,11168,2020-11-02 20:00:18
Karnataka,50611,11192,2020-11-03 20:00:17
Karnataka,44824,11221,2020-11-04 20:00:17
Karnataka,40414,11247,2020-11-05 20:00:12
Karnataka,35712,11281,2020-11-06 20:00:16
Karnataka,33114,11312,2020-11-07 20:00:13
Karnataka,33338,11347,2020-11-08 20:00:17
Karnataka,33339,11369,2020-11-09 20:00:19
Karnataka,33697,11391,2020-11-10 20:00:17
Karnataka,32955,11410,2020-11-11 20:00:13
Karnataka,31082,11430,2020-11-12 20:00:13
Karnataka,30762,11453,2020-11-13 20:00:17
Karnataka,29489,11474,2020-11-14 20:00:13
Karnataka,28045,11491,2020-11-15 20:00:17
Kerala,6420,40,2020-07-19
Kerala,7067,42,2020-07-20
Kerala,7615,43,2020-07-21
Kerala,8060,44,2020-07-22
Kerala,8825,45,2020-07-23 10:49:43
Kerala,9466,50,2020-07-24 15:21:33
Kerala,9379,54,2020-07-25 20:49:42
Kerala,9428,59,2020-07-26 11:38
Kerala,9664,61,2020-07-27 10:20:57
Kerala,9619,63,2020-07-29 21:00:27
Kerala,10103,67,2020-07-30 18:00:13
Kerala,10364,68,2020-07-31 18:00:13
Kerala,10074,70,2020-08-01 18:00:13
Kerala,10517,73,2020-08-02 18:00:12
Kerala,10886,81,2020-08-03 18:00:13
Kerala,11366,82,2020-08-04 18:00:12
Kerala,11511,84,2020-08-05 18:00:13
Kerala,11570,87,2020-08-06 18:00:12
Kerala,11524,94,2020-08-07 18:00:12
Kerala,12019,97,2020-08-08 20:00:24
Kerala,12451,102,2020-08-09 20:00:13
Kerala,12152,106,2020-08-10 20:00:25
Kerala,12391,108,2020-08-11 20:00:31
Kerala,12784,115,2020-08-12 20:00:44
Kerala,12770,120,2020-08-13 20:00:14
Kerala,13096,126,2020-08-14 20:00:29
Kerala,13891,129,2020-08-15 20:00:16
Kerala,14146,139,2020-08-16 20:00:14
Kerala,14944,146,2020-08-17 20:00:14
Kerala,15365,156,2020-08-18 20:00:15
Kerala,15946,169,2020-08-19 20:00:17
Kerala,16333,175,2020-08-20 20:00:15
Kerala,17442,182,2020-08-21 20:00:16
Kerala,18184,191,2020-08-22 20:00:33
Kerala,18736,203,2020-08-23 20:00:14
Kerala,19601,218,2020-08-24 20:00:13
Kerala,20394,223,2020-08-25 20:00:14
Kerala,20387,234,2020-08-26 20:00:13
Kerala,21296,244,2020-08-27 20:00:47
Kerala,22408,257,2020-08-28 20:00:36
Kerala,22737,267,2020-08-29 20:00:18
Kerala,23176,274,2020-08-30 20:00:18
Kerala,23342,280,2020-08-31 20:00:14
Kerala,23719,287,2020-09-01 20:00:13
Kerala,23553,294,2020-09-02 20:00:13
Kerala,22578,298,2020-09-03 20:00:13
Kerala,21989,305,2020-09-04 20:00:13
Kerala,21582,315,2020-09-05 16:00:13
Kerala,21334,326,2020-09-06 20:00:14
Kerala,21867,337,2020-09-07 20:00:13
Kerala,22743,347,2020-09-08 20:00:13
Kerala,22133,359,2020-09-09 20:00:17
Kerala,23280,372,2020-09-10 20:00:14
Kerala,24616,384,2020-09-11 20:00:34
Kerala,26292,396,2020-09-12 20:00:55
Kerala,27944,410,2020-09-13 20:00:16
Kerala,28870,425,2020-09-14 20:00:15
Kerala,30140,439,2020-09-15 20:00:18
Kerala,30555,454,2020-09-16 16:00:15
Kerala,31226,466,2020-09-17 20:00:32
Kerala,32775,480,2020-09-18 20:00:13
Kerala,34380,489,2020-09-19 20:00:14
Kerala,35795,501,2020-09-20 20:00:32
Kerala,37535,519,2020-09-21 20:00:13
Kerala,39484,535,2020-09-22 20:00:17
Kerala,39354,553,2020-09-23 20:00:35
Kerala,40453,572,2020-09-24 20:00:13
Kerala,42858,592,2020-09-25 20:00:13
Kerala,45993,613,2020-09-26 20:00:34
Kerala,48967,635,2020-09-27 20:00:34
Kerala,52753,656,2020-09-28 20:00:13
Kerala,56786,677,2020-09-29 20:00:13
Kerala,57957,697,2020-09-30 20:00:18
Kerala,61869,719,2020-10-01 20:00:13
Kerala,67140,742,2020-10-02 20:00:13
Kerala,72418,771,2020-10-03 20:00:13
Kerala,77564,791,2020-10-04 20:00:19
Kerala,80900,813,2020-10-05 20:00:54
Kerala,84579,836,2020-10-06 20:00:49
Kerala,84958,859,2020-10-07 20:00:13
Kerala,87823,884,2020-10-08 20:00:57
Kerala,92246,906,2020-10-09 20:00:49
Kerala,90664,930,2020-10-10 20:00:13
Kerala,91841,955,2020-10-11 20:00:18
Kerala,96003,978,2020-10-12 20:00:42
Kerala,96401,1003,2020-10-13 20:00:19
Kerala,94473,1025,2020-10-14 12:00:13
Kerala,95493,1046,2020-10-15 20:00:21
Kerala,93925,1066,2020-10-16 20:00:17
Kerala,94609,1089,2020-10-17 20:00:14
Kerala,95101,1113,2020-10-18 16:00:18
Kerala,96100,1139,2020-10-19 20:00:22
Kerala,95299,1161,2020-10-20 20:00:19
Kerala,92831,1182,2020-10-21 20:00:18
Kerala,92023,1206,2020-10-22 20:00:13
Kerala,93527,1232,2020-10-23 20:00:34
Kerala,93393,1255,2020-10-24 20:00:13
Kerala,95760,1281,2020-10-25 20:00:13
Kerala,97520,1306,2020-10-26 20:00:13
Kerala,96688,1332,2020-10-27 20:00:13
Kerala,93848,1352,2020-10-28 20:00:18
Kerala,92266,1376,2020-10-29 20:00:17
Kerala,93369,1403,2020-10-30 20:00:18
Kerala,91889,1429,2020-10-31 20:00:13
Kerala,90671,1457,2020-11-01 20:00:17
Kerala,91297,1484,2020-11-02 20:00:18
Kerala,89783,1512,2020-11-03 20:00:17
Kerala,86792,1533,2020-11-04 20:00:17
Kerala,84826,1559,2020-11-05 20:00:12
Kerala,85108,1587,2020-11-06 20:00:16
Kerala,84203,1613,2020-11-07 20:00:13
Kerala,83324,1640,2020-11-08 20:00:17
Kerala,83377,1668,2020-11-09 20:00:19
Kerala,81940,1692,2020-11-10 20:00:17
Kerala,79528,1714,2020-11-11 20:00:13
Kerala,78812,1742,2020-11-12 20:00:13
Kerala,78538,1771,2020-11-13 20:00:17
Kerala,77931,1796,2020-11-14 20:00:13
Kerala,77508,1822,2020-11-15 20:00:17
Maharashtra,123678,11596,2020-07-19
Maharashtra,129032,11854,2020-07-20
Maharashtra,131636,12030,2020-07-21
Maharashtra,132538,12276,2020-07-22
Maharashtra,137282,12556,2020-07-23 10:49:43
Maharashtra,140395,12854,2020-07-24 15:21:33
Maharashtra,144018,13132,2020-07-25 20:49:42
Maharashtra,145785,13389,2020-07-26 11:38
Maharashtra,148905,13656,2020-07-27 10:20:57
Maharashtra,147896,13883,2020-07-29 21:00:27
Maharashtra,144998,14165,2020-07-30 18:00:13
Maharashtra,146433,14463,2020-07-31 18:00:13
Maharashtra,148454,14729,2020-08-01 18:00:13
Maharashtra,150966,14994,2020-08-02 18:00:12
Maharashtra,149520,15316,2020-08-03 18:00:13
Maharashtra,148843,15576,2020-08-04 18:00:12
Maharashtra,147324,15842,2020-08-05 18:00:13
Maharashtra,142458,16142,2020-08-06 18:00:12
Maharashtra,146268,16476,2020-08-07 18:00:12
Maharashtra,146612,16792,2020-08-08 20:00:24
Maharashtra,145889,17092,2020-08-09 20:00:13
Maharashtra,147355,17367,2020-08-10 20:00:25
Maharashtra,145865,17757,2020-08-11 20:00:31
Maharashtra,148042,18050,2020-08-12 20:00:44
Maharashtra,148860,18306,2020-08-13 20:00:14
Maharashtra,147820,18650,2020-08-14 20:00:29
Maharashtra,150105,19063,2020-08-15 20:00:16
Maharashtra,151865,19427,2020-08-16 20:00:14
Maharashtra,156719,19749,2020-08-17 20:00:14
Maharashtra,158705,20037,2020-08-18 20:00:15
Maharashtra,155579,20265,2020-08-19 20:00:17
Maharashtra,156920,20687,2020-08-20 20:00:15
Maharashtra,160728,21033,2020-08-21 20:00:16
Maharashtra,162806,21359,2020-08-22 20:00:33
Maharashtra,164879,21698,2020-08-23 20:00:14
Maharashtra,169833,21995,2020-08-24 20:00:13
Maharashtra,171859,22253,2020-08-25 20:00:14
Maharashtra,168443,22465,2020-08-26 20:00:13
Maharashtra,166239,22794,2020-08-27 20:00:47
Maharashtra,173195,23089,2020-08-28 20:00:36
Maharashtra,178561,23444,2020-08-29 20:00:18
Maharashtra,181050,23775,2020-08-30 20:00:18
Maharashtra,185467,24103,2020-08-31 20:00:14
Maharashtra,193889,24399,2020-09-01 20:00:13
Maharashtra,194399,24583,2020-09-02 20:00:13
Maharashtra,198866,24903,2020-09-03 20:00:13
Maharashtra,202048,25195,2020-09-04 20:00:13
Maharashtra,205774,25586,2020-09-05 16:00:13
Maharashtra,211325,25964,2020-09-06 20:00:14
Maharashtra,221012,26276,2020-09-07 20:00:13
Maharashtra,236208,26604,2020-09-08 20:00:13
Maharashtra,237292,27027,2020-09-09 20:00:17
Maharashtra,243809,27407,2020-09-10 20:00:14
Maharashtra,253100,27787,2020-09-11 20:00:34
Maharashtra,261798,28282,2020-09-12 20:00:55
Maharashtra,271934,28724,2020-09-13 20:00:16
Maharashtra,280138,29115,2020-09-14 20:00:15
Maharashtra,290716,29531,2020-09-15 20:00:18
Maharashtra,291630,29894,2020-09-16 16:00:15
Maharashtra,292174,30409,2020-09-17 20:00:32
Maharashtra,297506,30883,2020-09-18 20:00:13
Maharashtra,302135,31351,2020-09-19 20:00:14
Maharashtra,301273,31791,2020-09-20 20:00:32
Maharashtra,297866,32216,2020-09-21 20:00:13
Maharashtra,291630,32671,2020-09-22 20:00:17
Maharashtra,275017,33015,2020-09-23 20:00:35
Maharashtra,272809,33407,2020-09-24 20:00:13
Maharashtra,273883,33886,2020-09-25 20:00:13
Maharashtra,275404,34345,2020-09-26 20:00:34
Maharashtra,273190,34761,2020-09-27 20:00:34
Maharashtra,269535,35191,2020-09-28 20:00:13
Maharashtra,273646,35571,2020-09-29 20:00:13
Maharashtra,265455,35751,2020-09-30 20:00:18
Maharashtra,260789,36181,2020-10-01 20:00:13
Maharashtra,259462,36662,2020-10-02 20:00:13
Maharashtra,259440,37056,2020-10-03 20:00:13
Maharashtra,261313,37480,2020-10-04 20:00:19
Maharashtra,258548,37758,2020-10-05 20:00:54
Maharashtra,255722,38084,2020-10-06 20:00:49
Maharashtra,252721,38347,2020-10-07 20:00:13
Maharashtra,247468,38717,2020-10-08 20:00:57
Maharashtra,244976,39072,2020-10-09 20:00:49
Maharashtra,242438,39430,2020-10-10 20:00:13
Maharashtra,236947,39732,2020-10-11 20:00:18
Maharashtra,221615,40040,2020-10-12 20:00:42
Maharashtra,221637,40349,2020-10-13 20:00:19
Maharashtra,212905,40514,2020-10-14 12:00:13
Maharashtra,205884,40701,2020-10-15 20:00:21
Maharashtra,196761,40859,2020-10-16 20:00:17
Maharashtra,192936,41196,2020-10-17 20:00:14
Maharashtra,190192,41502,2020-10-18 16:00:18
Maharashtra,185750,41965,2020-10-19 20:00:22
Maharashtra,183456,42115,2020-10-20 20:00:19
Maharashtra,174246,42240,2020-10-21 20:00:18
Maharashtra,174755,42453,2020-10-22 20:00:13
Maharashtra,159346,42633,2020-10-23 20:00:34
Maharashtra,150510,42831,2020-10-24 20:00:13
Maharashtra,144426,43015,2020-10-25 20:00:13
Maharashtra,140702,43152,2020-10-26 20:00:13
Maharashtra,141001,43264,2020-10-27 20:00:13
Maharashtra,134657,43348,2020-10-28 20:00:18
Maharashtra,132069,43463,2020-10-29 20:00:17
Maharashtra,130286,43554,2020-10-30 20:00:18
Maharashtra,128149,43710,2020-10-31 20:00:13
Maharashtra,125971,43837,2020-11-01 20:00:17
Maharashtra,124142,43911,2020-11-02 20:00:18
Maharashtra,125672,44024,2020-11-03 20:00:17
Maharashtra,119352,44128,2020-11-04 20:00:17
Maharashtra,117168,44248,2020-11-05 20:00:12
Maharashtra,113645,44548,2020-11-06 20:00:16
Maharashtra,107358,44804,2020-11-07 20:00:13
Maharashtra,103007,44965,2020-11-08 20:00:17
Maharashtra,100068,45115,2020-11-09 20:00:19
Maharashtra,97296,45240,2020-11-10 20:00:17
Maharashtra,96437,45325,2020-11-11 20:00:13
Maharashtra,93400,45435,2020-11-12 20:00:13
Maharashtra,89018,45560,2020-11-13 20:00:17
Maharashtra,85583,45682,2020-11-14 20:00:13
Maharashtra,85045,45809,2020-11-15 20:00:17
Tamil Nadu,49455,2403,2020-07-19
Tamil Nadu,50297,2481,2020-07-20
Tamil Nadu,51351,2551,2020-07-21
Tamil Nadu,51347,2626,2020-07-22
Tamil Nadu,51765,3144,2020-07-23 10:49:43
Tamil Nadu,52939,3232,2020-07-24 15:21:33
Tamil Nadu,53132,3320,2020-07-25 20:49:42
Tamil Nadu,52273,3409,2020-07-26 11:38
Tamil Nadu,53703,3494,2020-07-27 10:20:57
Tamil Nadu,54896,3571,2020-07-29 21:00:27
Tamil Nadu,57073,3659,2020-07-30 18:00:13
Tamil Nadu,57490,3741,2020-07-31 18:00:13
Tamil Nadu,57962,3838,2020-08-01 18:00:13
Tamil Nadu,57968,3935,2020-08-02 18:00:12
Tamil Nadu,56738,4034,2020-08-03 18:00:13
Tamil Nadu,56998,4132,2020-08-04 18:00:12
Tamil Nadu,56698,4241,2020-08-05 18:00:13
Tamil Nadu,55152,4349,2020-08-06 18:00:12
Tamil Nadu,54184,4461,2020-08-07 18:00:12
Tamil Nadu,53486,4571,2020-08-08 20:00:24
Tamil Nadu,52759,4690,2020-08-09 20:00:13
Tamil Nadu,53481,4808,2020-08-10 20:00:25
Tamil Nadu,53336,4927,2020-08-11 20:00:31
Tamil Nadu,53099,5041,2020-08-12 20:00:44
Tamil Nadu,52810,5159,2020-08-13 20:00:14
Tamil Nadu,52929,5278,2020-08-14 20:00:29
Tamil Nadu,53499,5397,2020-08-15 20:00:16
Tamil Nadu,53716,5514,2020-08-16 20:00:14
Tamil Nadu,54213,5641,2020-08-17 20:00:14
Tamil Nadu,54019,5766,2020-08-18 20:00:15
Tamil Nadu,54122,5886,2020-08-19 20:00:17
Tamil Nadu,53860,6007,2020-08-20 20:00:15
Tamil Nadu,53155,6123,2020-08-21 20:00:16
Tamil Nadu,53283,6239,2020-08-22 20:00:33
Tamil Nadu,53413,6340,2020-08-23 20:00:14
Tamil Nadu,53710,6420,2020-08-24 20:00:13
Tamil Nadu,53541,6517,2020-08-25 20:00:14
Tamil Nadu,53282,6614,2020-08-26 20:00:13
Tamil Nadu,52128,6721,2020-08-27 20:00:47
Tamil Nadu,52362,6839,2020-08-28 20:00:36
Tamil Nadu,52364,6948,2020-08-29 20:00:18
Tamil Nadu,52506,7050,2020-08-30 20:00:18
Tamil Nadu,52726,7137,2020-08-31 20:00:14
Tamil Nadu,52721,7231,2020-09-01 20:00:13
Tamil Nadu,52578,7322,2020-09-02 20:00:13
Tamil Nadu,52379,7418,2020-09-03 20:00:13
Tamil Nadu,52380,7516,2020-09-04 20:00:13
Tamil Nadu,52070,7608,2020-09-05 16:00:13
Tamil Nadu,51633,7687,2020-09-06 20:00:14
Tamil Nadu,51583,7748,2020-09-07 20:00:13
Tamil Nadu,51458,7836,2020-09-08 20:00:13
Tamil Nadu,51215,7925,2020-09-09 20:00:17
Tamil Nadu,50213,8025,2020-09-10 20:00:14
Tamil Nadu,49203,8090,2020-09-11 20:00:34
Tamil Nadu,48482,8154,2020-09-12 20:00:55
Tamil Nadu,47918,8231,2020-09-13 20:00:16
Tamil Nadu,47110,8307,2020-09-14 20:00:15
Tamil Nadu,47012,8381,2020-09-15 20:00:18
Tamil Nadu,46912,8434,2020-09-16 16:00:15
Tamil Nadu,46806,8502,2020-09-17 20:00:32
Tamil Nadu,46633,8559,2020-09-18 20:00:13
Tamil Nadu,46610,8618,2020-09-19 20:00:14
Tamil Nadu,46506,8685,2020-09-20 20:00:32
Tamil Nadu,46453,8751,2020-09-21 20:00:13
Tamil Nadu,46703,8811,2020-09-22 20:00:17
Tamil Nadu,46495,8871,2020-09-23 20:00:35
Tamil Nadu,46350,8947,2020-09-24 20:00:13
Tamil Nadu,46249,9010,2020-09-25 20:00:13
Tamil Nadu,46405,9076,2020-09-26 20:00:34
Tamil Nadu,46386,9148,2020-09-27 20:00:34
Tamil Nadu,46336,9233,2020-09-28 20:00:13
Tamil Nadu,46341,9313,2020-09-29 20:00:13
Tamil Nadu,46306,9383,2020-09-30 20:00:18
Tamil Nadu,46281,9453,2020-10-01 20:00:13
Tamil Nadu,46263,9520,2020-10-02 20:00:13
Tamil Nadu,46369,9586,2020-10-03 20:00:13
Tamil Nadu,46294,9653,2020-10-04 20:00:19
Tamil Nadu,46255,9718,2020-10-05 20:00:54
Tamil Nadu,46120,9784,2020-10-06 20:00:49
Tamil Nadu,45881,9846,2020-10-07 20:00:13
Tamil Nadu,45279,9917,2020-10-08 20:00:57
Tamil Nadu,45135,9984,2020-10-09 20:00:49
Tamil Nadu,44437,10052,2020-10-10 20:00:13
Tamil Nadu,44197,10120,2020-10-11 20:00:18
Tamil Nadu,44150,10187,2020-10-12 20:00:42
Tamil Nadu,44095,10252,2020-10-13 20:00:19
Tamil Nadu,43747,10314,2020-10-14 12:00:13
Tamil Nadu,43239,10371,2020-10-15 20:00:21
Tamil Nadu,42566,10423,2020-10-16 20:00:17
Tamil Nadu,41872,10472,2020-10-17 20:00:14
Tamil Nadu,40959,10529,2020-10-18 16:00:18
Tamil Nadu,40192,10586,2020-10-19 20:00:22
Tamil Nadu,39121,10642,2020-10-20 20:00:19
Tamil Nadu,38093,10691,2020-10-21 20:00:18
Tamil Nadu,36734,10741,2020-10-22 20:00:13
Tamil Nadu,35480,10780,2020-10-23 20:00:34
Tamil Nadu,34198,10825,2020-10-24 20:00:13
Tamil Nadu,32960,10858,2020-10-25 20:00:13
Tamil Nadu,31787,10893,2020-10-26 20:00:13
Tamil Nadu,30606,10924,2020-10-27 20:00:13
Tamil Nadu,29268,10956,2020-10-28 20:00:18
Tamil Nadu,27734,10983,2020-10-29 20:00:17
Tamil Nadu,26356,11018,2020-10-30 20:00:18
Tamil Nadu,24886,11053,2020-10-31 20:00:13
Tamil Nadu,23532,11091,2020-11-01 20:00:17
Tamil Nadu,22164,11122,2020-11-02 20:00:18
Tamil Nadu,20994,11152,2020-11-03 20:00:17
Tamil Nadu,19504,11183,2020-11-04 20:00:17
Tamil Nadu,19201,11214,2020-11-05 20:00:12
Tamil Nadu,19154,11244,2020-11-06 20:00:16
Tamil Nadu,19061,11272,2020-11-07 20:00:13
Tamil Nadu,19002,11299,2020-11-08 20:00:17
Tamil Nadu,18966,11324,2020-11-09 20:00:19
Tamil Nadu,18894,11344,2020-11-10 20:00:17
Tamil Nadu,18825,11362,2020-11-11 20:00:13
Tamil Nadu,18709,11387,2020-11-12 20:00:13
Tamil Nadu,18655,11415,2020-11-13 20:00:17
Tamil Nadu,18395,11440,2020-11-14 20:00:13
Tamil Nadu,17748,11454,2020-11-15 20:00:17
Telangana,12764,409,2020-07-19
Telangana,12223,415,2020-07-20
Telangana,11529,422,2020-07-21
Telangana,9891,429,2020-07-22
Telangana,11155,438,2020-07-23 10:49:43
Telangana,11052,447,2020-07-24 15:21:33
Telangana,11677,455,2020-07-25 20:49:42
Telangana,11677,455,2020-07-26 11:38
Telangana,12264,463,2020-07-27 10:20:57
Telangana,13753,480,2020-07-29 21:00:27
Telangana,13753,480,2020-07-30 18:00:13
Telangana,14663,492,2020-07-31 18:00:13
Telangana,15640,505,2020-08-01 18:00:13
Telangana,16796,519,2020-08-02 18:00:12
Telangana,17754,530,2020-08-03 18:00:13
Telangana,18547,540,2020-08-04 18:00:12
Telangana,18708,563,2020-08-05 18:00:13
Telangana,19568,576,2020-08-06 18:00:12
Telangana,20358,589,2020-08-07 18:00:12
Telangana,21417,601,2020-08-08 20:00:24
Telangana,22568,615,2020-08-09 20:00:13
Telangana,22869,627,2020-08-10 20:00:25
Telangana,22528,637,2020-08-11 20:00:31
Telangana,22628,645,2020-08-12 20:00:44
Telangana,22596,654,2020-08-13 20:00:14
Telangana,22736,665,2020-08-14 20:00:29
Telangana,23438,674,2020-08-15 20:00:16
Telangana,23379,684,2020-08-16 20:00:14
Telangana,22542,693,2020-08-17 20:00:14
Telangana,21420,703,2020-08-18 20:00:15
Telangana,21024,711,2020-08-19 20:00:17
Telangana,20990,719,2020-08-20 20:00:15
Telangana,21509,729,2020-08-21 20:00:16
Telangana,21687,737,2020-08-22 20:00:33
Telangana,22386,744,2020-08-23 20:00:14
Telangana,22908,755,2020-08-24 20:00:13
Telangana,22919,761,2020-08-25 20:00:14
Telangana,23737,770,2020-08-26 20:00:13
Telangana,25685,780,2020-08-27 20:00:47
Telangana,27600,788,2020-08-28 20:00:36
Telangana,28941,799,2020-08-29 20:00:18
Telangana,30008,808,2020-08-30 20:00:18
Telangana,31284,818,2020-08-31 20:00:14
Telangana,31299,827,2020-09-01 20:00:13
Telangana,31699,836,2020-09-02 20:00:13
Telangana,32341,846,2020-09-03 20:00:13
Telangana,32537,856,2020-09-04 20:00:13
Telangana,32994,866,2020-09-05 16:00:13
Telangana,32915,877,2020-09-06 20:00:14
Telangana,32553,886,2020-09-07 20:00:13
Telangana,31635,895,2020-09-08 20:00:13
Telangana,31670,906,2020-09-09 20:00:17
Telangana,31654,916,2020-09-10 20:00:14
Telangana,32106,927,2020-09-11 20:00:34
Telangana,32195,940,2020-09-12 20:00:55
Telangana,32005,950,2020-09-13 20:00:16
Telangana,31607,961,2020-09-14 20:00:15
Telangana,30532,974,2020-09-15 20:00:18
Telangana,30400,984,2020-09-16 16:00:15
Telangana,30401,996,2020-09-17 20:00:32
Telangana,30443,1005,2020-09-18 20:00:13
Telangana,30673,1016,2020-09-19 20:00:14
Telangana,30636,1025,2020-09-20 20:00:32
Telangana,30573,1033,2020-09-21 20:00:13
Telangana,29636,1042,2020-09-22 20:00:17
Telangana,29649,1052,2020-09-23 20:00:35
Telangana,29873,1062,2020-09-24 20:00:13
Telangana,30037,1070,2020-09-25 20:00:13
Telangana,30387,1080,2020-09-26 20:00:34
Telangana,30334,1091,2020-09-27 20:00:34
Telangana,30234,1100,2020-09-28 20:00:13
Telangana,29673,1107,2020-09-29 20:00:13
Telangana,29477,1116,2020-09-30 20:00:18
Telangana,29326,1127,2020-10-01 20:00:13
Telangana,29058,1135,2020-10-02 20:00:13
Telangana,28620,1145,2020-10-03 20:00:13
Telangana,28328,1153,2020-10-04 20:00:19
Telangana,27901,1163,2020-10-05 20:00:54
Telangana,27052,1171,2020-10-06 20:00:49
Telangana,26644,1181,2020-10-07 20:00:13
Telangana,26551,1189,2020-10-08 20:00:57
Telangana,26368,1201,2020-10-09 20:00:49
Telangana,26374,1208,2020-10-10 20:00:13
Telangana,26104,1217,2020-10-11 20:00:18
Telangana,25713,1222,2020-10-12 20:00:42
Telangana,24514,1228,2020-10-13 20:00:19
Telangana,24208,1233,2020-10-14 12:00:13
Telangana,23728,1241,2020-10-15 20:00:21
Telangana,23203,1249,2020-10-16 20:00:17
Telangana,23315,1256,2020-10-17 20:00:14
Telangana,22774,1265,2020-10-18 16:00:18
Telangana,22050,1271,2020-10-19 20:00:22
Telangana,21098,1275,2020-10-20 20:00:19
Telangana,20686,1282,2020-10-21 20:00:18
Telangana,20449,1287,2020-10-22 20:00:13
Telangana,20183,1292,2020-10-23 20:00:34
Telangana,20377,1298,2020-10-24 20:00:13
Telangana,19937,1303,2020-10-25 20:00:13
Telangana,19465,1307,2020-10-26 20:00:13
Telangana,18611,1311,2020-10-27 20:00:13
Telangana,17890,1315,2020-10-28 20:00:18
Telangana,17916,1319,2020-10-29 20:00:17
Telangana,17979,1324,2020-10-30 20:00:18
Telangana,18456,1330,2020-10-31 20:00:13
Telangana,18409,1336,2020-11-01 20:00:17
Telangana,18241,1341,2020-11-02 20:00:18
Telangana,17630,1348,2020-11-03 20:00:17
Telangana,17742,1351,2020-11-04 20:00:17
Telangana,18100,1357,2020-11-05 20:00:12
Telangana,18656,1362,2020-11-06 20:00:16
Telangana,19272,1366,2020-11-07 20:00:13
Telangana,19936,1372,2020-11-08 20:00:17
Telangana,19890,1377,2020-11-09 20:00:19
Telangana,19239,1381,2020-11-10 20:00:17
Telangana,18581,1385,2020-11-11 20:00:13
Telangana,18027,1390,2020-11-12 20:00:13
Telangana,17323,1393,2020-11-13 20:00:17
Telangana,17094,1397,2020-11-14 20:00:13
Telangana,16404,1401,2020-11-15 20:00:17
West Bengal,15594,1076,2020-07-19
West Bengal,16492,1112,2020-07-20
West Bengal,17204,1147,2020-07-21
West Bengal,17813,1182,2020-07-22
West Bengal,18450,1221,2020-07-23 10:49:43
West Bengal,18846,1255,2020-07-24 15:21:33
West Bengal,19154,1290,2020-07-25 20:49:42
West Bengal,19391,1332,2020-07-26 11:38
West Bengal,19595,1372,2020-07-27 10:20:57
West Bengal,19502,1411,2020-07-29 21:00:27
West Bengal,19493,1449,2020-07-30 18:00:13
West Bengal,19652,1490,2020-07-31 18:00:13
West Bengal,19900,1536,2020-08-01 18:00:13
West Bengal,20233,1581,2020-08-02 18:00:12
West Bengal,20631,1629,2020-08-03 18:00:13
West Bengal,21108,1678,2020-08-04 18:00:12
West Bengal,21683,1731,2020-08-05 18:00:13
West Bengal,22315,1785,2020-08-06 18:00:12
West Bengal,22992,1846,2020-08-07 18:00:12
West Bengal,23829,1902,2020-08-08 20:00:24
West Bengal,24652,1954,2020-08-09 20:00:13
West Bengal,25486,2005,2020-08-10 20:00:25
West Bengal,26375,2059,2020-08-11 20:00:31
West Bengal,26031,2100,2020-08-12 20:00:44
West Bengal,25846,2149,2020-08-13 20:00:14
West Bengal,26003,2203,2020-08-14 20:00:29
West Bengal,26447,2259,2020-08-15 20:00:16
West Bengal,26850,2319,2020-08-16 20:00:14
West Bengal,27219,2377,2020-08-17 20:00:14
West Bengal,27299,2428,2020-08-18 20:00:15
West Bengal,27402,2473,2020-08-19 20:00:17
West Bengal,27535,2528,2020-08-20 20:00:15
West Bengal,27678,2581,2020-08-21 20:00:16
West Bengal,27696,2634,2020-08-22 20:00:33
West Bengal,27804,2689,2020-08-23 20:00:14
West Bengal,27900,2737,2020-08-24 20:00:13
West Bengal,28069,2794,2020-08-25 20:00:14
West Bengal,27694,2851,2020-08-26 20:00:13
West Bengal,27349,2909,2020-08-27 20:00:47
West Bengal,26954,2964,2020-08-28 20:00:36
West Bengal,26709,3017,2020-08-29 20:00:18
West Bengal,26349,3073,2020-08-30 20:00:18
West Bengal,25996,3126,2020-08-31 20:00:14
West Bengal,25657,3176,2020-09-01 20:00:13
West Bengal,25280,3228,2020-09-02 20:00:13
West Bengal,24822,3283,2020-09-03 20:00:13
West Bengal,24445,3339,2020-09-04 20:00:13
West Bengal,24039,3394,2020-09-05 16:00:13
West Bengal,23654,3452,2020-09-06 20:00:14
West Bengal,23390,3510,2020-09-07 20:00:13
West Bengal,23218,3562,2020-09-08 20:00:13
West Bengal,23216,3620,2020-09-09 20:00:17
West Bengal,23254,3677,2020-09-10 20:00:14
West Bengal,23341,3730,2020-09-11 20:00:34
West Bengal,23377,3771,2020-09-12 20:00:55
West Bengal,23461,3828,2020-09-13 20:00:16
West Bengal,23521,3887,2020-09-14 20:00:15
West Bengal,23624,3945,2020-09-15 20:00:18
West Bengal,23693,4003,2020-09-16 16:00:15
West Bengal,23942,4062,2020-09-17 20:00:32
West Bengal,24147,4123,2020-09-18 20:00:13
West Bengal,24336,4183,2020-09-19 20:00:14
West Bengal,24509,4242,2020-09-20 20:00:32
West Bengal,24648,4298,2020-09-21 20:00:13
West Bengal,24806,4359,2020-09-22 20:00:17
West Bengal,24898,4421,2020-09-23 20:00:35
West Bengal,24971,4483,2020-09-24 20:00:13
West Bengal,25101,4544,2020-09-25 20:00:13
West Bengal,25221,4606,2020-09-26 20:00:34
West Bengal,25374,4665,2020-09-27 20:00:34
West Bengal,25544,4721,2020-09-28 20:00:13
West Bengal,25723,4781,2020-09-29 20:00:13
West Bengal,25899,4837,2020-09-30 20:00:18
West Bengal,26064,4899,2020-10-01 20:00:13
West Bengal,26332,4958,2020-10-02 20:00:13
West Bengal,26552,5017,2020-10-03 20:00:13
West Bengal,26865,5070,2020-10-04 20:00:19
West Bengal,27130,5132,2020-10-05 20:00:54
West Bengal,27439,5194,2020-10-06 20:00:49
West Bengal,27717,5255,2020-10-07 20:00:13
West Bengal,27988,5318,2020-10-08 20:00:57
West Bengal,28361,5376,2020-10-09 20:00:49
West Bengal,28854,5439,2020-10-10 20:00:13
West Bengal,29296,5501,2020-10-11 20:00:18
West Bengal,29793,5563,2020-10-12 20:00:42
West Bengal,30236,5622,2020-10-13 20:00:19
West Bengal,30604,5682,2020-10-14 12:00:13
West Bengal,30988,5744,2020-10-15 20:00:21
West Bengal,31505,5808,2020-10-16 20:00:17
West Bengal,31984,5870,2020-10-17 20:00:14
West Bengal,32500,5931,2020-10-18 16:00:18
West Bengal,33121,5992,2020-10-19 20:00:22
West Bengal,33927,6056,2020-10-20 20:00:19
West Bengal,34584,6119,2020-10-21 20:00:18
West Bengal,35170,6180,2020-10-22 20:00:13
West Bengal,35579,6244,2020-10-23 20:00:34
West Bengal,36064,6308,2020-10-24 20:00:13
West Bengal,36471,6368,2020-10-25 20:00:13
West Bengal,36807,6427,2020-10-26 20:00:13
West Bengal,37017,6487,2020-10-27 20:00:13
West Bengal,37190,6546,2020-10-28 20:00:18
West Bengal,37172,6604,2020-10-29 20:00:17
West Bengal,37111,6664,2020-10-30 20:00:18
West Bengal,37094,6725,2020-10-31 20:00:13
West Bengal,36999,6784,2020-11-01 20:00:17
West Bengal,36886,6841,2020-11-02 20:00:18
West Bengal,36761,6900,2020-11-03 20:00:17
West Bengal,36576,6957,2020-11-04 20:00:17
West Bengal,36443,7013,2020-11-05 20:00:12
West Bengal,36246,7068,2020-11-06 20:00:16
West Bengal,35953,7122,2020-11-07 20:00:13
West Bengal,35557,7177,2020-11-08 20:00:17
West Bengal,35088,7235,2020-11-09 20:00:19
West Bengal,34566,7294,2020-11-10 20:00:17
West Bengal,34021,7350,2020-11-11 20:00:13
West Bengal,33444,7403,2020-11-12 20:00:13
West Bengal,32836,7452,2020-11-13 20:00:17
West Bengal,32185,7506,2020-11-14 20:00:13
West Bengal,31501,7557,2020-11-15 20:00:17
